,fbest,first,freq,sol,time
0,[4.49230357],5,"119.55567415027008, 676.0208079338848, 696.7371880998995, 1037.089928900761, 1822.4165310249489, 2656.482898175339",0010010110111111001011011001000111000100,68.62360453605652
1,[3.97034226],5,"111.83012761259505, 645.7636062463406, 730.5619299341939, 1001.6591814480472, 2040.2502907930711, 3076.8071358560237",0011101001001111001001010101100101101110,80.51084446907043
2,[3.39572208],5,"114.57898067434687, 598.5874326033099, 705.4398103547317, 1025.1268599179673, 1909.7439262831329, 2802.915564078671",1000110001101011111010000010011100101011,88.47130370140076
