,crossover,errorLimit,f1,fbest,freq,grad,nPop,sol,time
0,ModalSixPoint,1,200,[27.18872935],"116.20970391044214, 677.7924892467869, 1022.5163209353976, 1036.5194623394011, 1865.011415087256, 3118.228778325401",600,100,11111000111100100010011001101101111101001010111010001011010101111111100111100011110100110001111111000100101111000111100101001101000011111111001110111110110111111011010011111010111110111100101110110011111010101000111010000101000111110011100000101100010111111000110100111101000101101000110011100010101101100001101011010000000110101000111111111010001011011001011011110100011111001111111001000010010011011000011010010000101001100010110001101010101000110010101010011001100110101100101110110110011110110101110011100001001110110110000101011010010111110011100011100000011110101100001101010111111100111001010010111010101001011000110100000001010001101000010110011111101101110101101100010110010110101110000011010101101110111011100011001011100111010001010011010101001000110000011000000011100010011001010010111010,941.6211087703705
1,NotModalSixPoint,1,200,[25.27170088],"120.81243009101343, 725.7009914379352, 1058.4956030402013, 1107.8151274854351, 1914.3448716244436, 2963.991093935376",600,100,10111010111111010000011011110110111010101001100011100010101001111110111001101111011000011011101111100111100000101010011101110111111011101100100111101000000011111110010011010001111111001001101100111100011101000111000001001100010110011011110010111001000001001101100111000110011111111101111111101110111101011101111100001111111111011101100111110011010000110111111001011010111001101101011101011011101011000001010101101111100010101001001001110001001111011110111111001111000011111111110001010001011000011001110011111010010110000000011111111010111101100101100101100101010111001000110110101100110001100000010110110110000001100011110001010110110000010100111101001000110010100110101100111000010010001111000101010100010110011010011100011001111100111011101101011110110001010100000000000100110110110100100001011111,918.7999300956726
