,errorLimit,f1,fbest,freq,grad,nPop,sol,time
0,40,200,[32.40061112],"104.73005976592283, 621.3850063185341, 939.3247347761397, 975.6883418207109, 1776.4158664568924, 3476.6256185348084",600,3,11010011010000101000110011110001101100111010010000101100000100001110101010011101010011010110110011101100011000010110010100010100110111001000111100111110100010110111101111000010110110101101011010010110110001101100110011110000011100111101010100111101001101001011110100110001011000111111110000001111111110100010001100101111101101000001000010100110000101010101111010010001100000110111110100011110010100011001000001010011000111010101010011110100110000111111001101010000001100101001111001000100011111000000101100000101010101000010001111000110010011101101010101001110000001011111111000000011111100100111000011011000011011111110100101110100101000111100001010100011101000111100100011101001100110000100001110100010100111111000001001100101111110001101011001101000001000101001111011111101010010100001000100101111,17.79176926612854
1,50,200,[29.34202365],"112.35891490994571, 652.8436050532653, 1005.866417397259, 1038.5431393372246, 1800.7198483451277, 2980.151554218331",600,3,10100001000010010111101000101111111111001011000011110111110000100011010110001100101100111001011101111100101001100010110101010010101111110110110111101011100010110001111001010010111100111001100111100111100000111110010111001000001011110010110010011001001100011001010100111010001111111001100100000110000010100111111100101100100101000101001001101111110101110101111001000110111000100111111001100010100110011010101110101110100001010001101010000111001001101000001000011110011011011110001101001100001111010111000110110011110100000010110111010010100101001110111111100011011111001001010101100001011101010010101010101010000000111100000010011100010001110101111001000001010001011011010100001001110000010110100111110110001110110101001010000101110000010001100110000001010011111010110010100010010100010101011111101101,17.469964265823364
