,errorLimit,f1,fbest,freq,grad,sol,time
0,0.1,200,[3.75161068],"201.932126481596, 723.3740111328199, 1386.3004009813073, 2021.6499636358194, 2757.134197444768, 3323.542024177584",600,"[3.7620639313646738, 4.101053254116105, 4.537362719319077, 2.9486079356749726, 3.4043987064929726, 4.269884033132296, 2.493753145950984, 3.1546564862672497, 3.075950042520854, 3.9950003170130386, 2.300408723305164, 2.7784102341228953, 3.539237527196735, 3.067471853591945, 3.2825621509264966, 3.4686084447396937, 3.1862218020679247, 3.5882114785012655, 3.2340804368756046, 2.8650967311657785, 2.9459559431696674, 4.335958335345367, 4.4039102764305, 2.5207492376003233, 3.733982327282448, 2.795615811440114, 3.1876052698391675, 2.596864369293388, 5.083026413153168, 2.3389537192603425, 5.373820654472857, 2.9695617456409718, 4.163404471447007, 4.581749465330991, 3.5432168975742804, 2.8406490807457914, 2.8444860193079666, 3.1217032633228765, 3.7481260816835205, 2.7432755409118603]",1816.2836220264435
