,f1,f1_true,fbest,freq,grad,grad_true,nPop,sol,time
0,,173.68273816933691,0.9989812623170107,"169.24562390943774, 570.2410783340478, 1059.0264870096269, 1416.316342133628, 1836.7038983687228, 2266.8385522666968",,418.41837020040924,40,1111110110101011101111010000000000001000,863.1001753807068
1,,18.731634899378065,0.9349129911394698,"55.092650820741866, 344.3464593789254, 508.69564907419976, 534.8075006000169, 1030.7998902198722, 1387.4299643809463",50.0,249.91882033856226,40,0000000000011000100100000000000000001011,786.3719005584717
2,,107.83554989588407,0.977616142177039,"124.04891979152146, 572.2314113044397, 956.4825439368155, 1103.947261352502, 1704.792390830492, 2240.8394279718195",400.0,403.6885770541524,40,0001100111011101111101010100000001001110,691.671959400177
3,100.0,101.74513838306035,0.9720528971136712,"148.76262846629294, 543.812202292291, 1072.4118234512155, 1189.9299972475426, 1768.1698736684123, 2455.9969658765076",,437.90751071359324,40,1010110111011110101011010000000011001000,721.0751297473907
4,100.0,102.20803350078018,0.945613280098932,"96.08048274576628, 590.7468318443185, 800.754846596625, 881.1098523665935, 1415.5757247471377, 1996.7273686026924",50.0,344.5164603932302,40,0011100100001111001111110001000000000010,736.8484981060028
5,100.0,98.40561897149382,0.961348999911987,"139.95111439329023, 497.77448184853995, 984.8526654059403, 1030.0153304147118, 1567.7201382244323, 2217.928491086959",400.0,389.85390050299407,40,0001111111011101110010100000000000001000,629.5366549491882
6,300.0,302.193049090026,0.9810598480547988,"167.4456744225843, 848.3065962888995, 1327.4447762933794, 1639.718469841763, 1944.5112998904092, 2563.612669832273",,445.1920794686102,40,1011100110011011111101111011001000001000,820.7151489257812
7,300.0,301.99744199238154,0.9583988562720736,"183.96638566341545, 726.2081524439964, 1413.351185578927, 1536.0046773549589, 1778.1154648038093, 2462.9997494525683",50.0,419.2440642228924,40,1101011101111111100111111111000000000000,668.1598427295685
8,300.0,301.4468160500608,0.967449166784225,"169.64946448869125, 896.5256006207219, 1393.739746784172, 1662.0676515674465, 1941.3217357286353, 2764.869519654304",400.0,467.9661881695736,40,1101101110011111111010111111110000001000,632.2513203620911
